{"cameraMode":{"drawMode":0,"name":"Shaded","section":"Shading Mode"},"sceneLighting":false,"audioPlay":false,"sceneViewState":{"showFog":true,"showMaterialUpdate":false,"showSkybox":false,"showFlares":true,"showImageEffects":true,"showParticleSystems":true},"in2DMode":false,"pivot":{"x":-0.22998046875,"y":0.5087289214134216,"z":0.3164561688899994},"rotation":{"x":0.38362598419189455,"y":-0.58856201171875,"z":0.3722866177558899,"w":0.6064888834953308},"size":3.951385259628296,"orthographic":true}