{"cameraMode":{"drawMode":0,"name":"Shaded","section":"Shading Mode"},"sceneLighting":false,"audioPlay":false,"sceneViewState":{"showFog":true,"showMaterialUpdate":false,"showSkybox":false,"showFlares":true,"showImageEffects":true,"showParticleSystems":true},"in2DMode":false,"pivot":{"x":-1.0557037591934205,"y":1.0702550411224366,"z":-0.4452114701271057},"rotation":{"x":0.2119077891111374,"y":0.05713441222906113,"z":-0.012410661205649376,"w":0.9755393266677856},"size":2.3334522247314455,"orthographic":true}