{"cameraMode":{"drawMode":0,"name":"Shaded","section":"Shading Mode"},"sceneLighting":false,"audioPlay":false,"sceneViewState":{"showFog":true,"showMaterialUpdate":false,"showSkybox":false,"showFlares":true,"showImageEffects":true,"showParticleSystems":true},"in2DMode":false,"pivot":{"x":5.35426139831543,"y":2.4519076347351076,"z":3.341947555541992},"rotation":{"x":-0.3696593642234802,"y":0.16236740350723267,"z":-0.06577475368976593,"w":-0.912506103515625},"size":2.0005180835723879,"orthographic":true}