{"cameraMode":{"drawMode":0,"name":"Shaded","section":"Shading Mode"},"sceneLighting":true,"audioPlay":false,"sceneViewState":{"showFog":true,"showMaterialUpdate":false,"showSkybox":true,"showFlares":true,"showImageEffects":true,"showParticleSystems":true},"in2DMode":false,"pivot":{"x":4.510000228881836,"y":-25.690000534057618,"z":4.770000457763672},"rotation":{"x":-0.3696593642234802,"y":0.16236740350723267,"z":-0.06577475368976593,"w":-0.912506103515625},"size":70.13037109375,"orthographic":true}